<?xml version="1.0" encoding="utf-8" ?>

<x:xmpmeta xmlns:x="adobe:ns:meta/" x:xmptk="XMP toolkit 3.0-28, framework 1.6">
<rdf:RDF xmlns:rdf="http://www.w3.org/1999/02/22-rdf-syntax-ns#" xmlns:iX="http://ns.adobe.com/iX/1.0/">
<rdf:Description rdf:about="uuid:f5b64178-9394-11d9-bb8e-a67e6693b6e9" xmlns:xmpPLUS="XMP Photographic Licensing Universal System (xmpPLUS, http://ns.adobe.com/xap/1.0/PLUS/)">
<xmpPLUS:CreditLineReq>False</xmpPLUS:CreditLineReq>
<xmpPLUS:ReuseAllowed>False</xmpPLUS:ReuseAllowed>
</rdf:Description>
<rdf:Description rdf:about="uuid:f5b64178-9394-11d9-bb8e-a67e6693b6e9" xmlns:Iptc4xmpCore="http://iptc.org/std/Iptc4xmpCore/1.0/xmlns/">
<Iptc4xmpCore:IntellectualGenre>Feature</Iptc4xmpCore:IntellectualGenre>
<Iptc4xmpCore:Location>Shore Temple</Iptc4xmpCore:Location>
<Iptc4xmpCore:CountryCode>IN</Iptc4xmpCore:CountryCode>
<Iptc4xmpCore:CreatorContactInfo rdf:parseType="Resource">
<Iptc4xmpCore:CiAdrExtadr>Mugwum Press, 123 Broadway</Iptc4xmpCore:CiAdrExtadr>
<Iptc4xmpCore:CiAdrCity>Chicago</Iptc4xmpCore:CiAdrCity>
<Iptc4xmpCore:CiAdrRegion>New York</Iptc4xmpCore:CiAdrRegion>
<Iptc4xmpCore:CiAdrPcode>00123</Iptc4xmpCore:CiAdrPcode>
<Iptc4xmpCore:CiAdrCtry>USA</Iptc4xmpCore:CiAdrCtry>
<Iptc4xmpCore:CiTelWork>+1 (877) 9876543</Iptc4xmpCore:CiTelWork>
<Iptc4xmpCore:CiUrlWork>www.mugwum.com</Iptc4xmpCore:CiUrlWork>
<Iptc4xmpCore:Comments>Hello World!</Iptc4xmpCore:Comments>
</Iptc4xmpCore:CreatorContactInfo>
<Iptc4xmpCore:SubjectCode>
<rdf:Bag>
<rdf:li>12000000</rdf:li>
<rdf:li>01002000</rdf:li>
</rdf:Bag>
</Iptc4xmpCore:SubjectCode>
<Iptc4xmpCore:Scene>
<rdf:Bag>
<rdf:li>011400</rdf:li>
</rdf:Bag>
</Iptc4xmpCore:Scene>
<Iptc4xmpCore:MyCustumStruct>
<rdf:Description>
<AbcXyz>1234</AbcXyz>
</rdf:Description>
</Iptc4xmpCore:MyCustumStruct>
</rdf:Description>
<rdf:Description rdf:about="uuid:f5b64178-9394-11d9-bb8e-a67e6693b6e9" xmlns:exif="http://ns.adobe.com/exif/1.0/">
<exif:PixelXDimension>432</exif:PixelXDimension>
<exif:PixelYDimension>288</exif:PixelYDimension>
<exif:ColorSpace>1</exif:ColorSpace>
</rdf:Description>
<rdf:Description rdf:about="uuid:f5b64178-9394-11d9-bb8e-a67e6693b6e9" xmlns:pdf="http://ns.adobe.com/pdf/1.3/"></rdf:Description>
<rdf:Description rdf:about="uuid:f5b64178-9394-11d9-bb8e-a67e6693b6e9" xmlns:photoshop="http://ns.adobe.com/photoshop/1.0/">
<photoshop:AuthorsPosition>Mugwum contract photographer</photoshop:AuthorsPosition>
<photoshop:Headline>Shore Temple, Malibalipuram, India</photoshop:Headline>
<photoshop:CaptionWriter>Jacques Brown</photoshop:CaptionWriter>
<photoshop:DateCreated>2005-01-01</photoshop:DateCreated>
<photoshop:City>Malibalipuram</photoshop:City>
<photoshop:State>Tamil Nadu</photoshop:State>
<photoshop:Country>India</photoshop:Country>
<photoshop:TransmissionReference>Sacred India</photoshop:TransmissionReference>
<photoshop:Instructions>Newsmagazines Out</photoshop:Instructions>
<photoshop:Credit>Mugwum Press</photoshop:Credit>
<photoshop:Source>Julie Doe / Mugwum Press</photoshop:Source>
<photoshop:History></photoshop:History>
</rdf:Description>
<rdf:Description rdf:about="uuid:f5b64178-9394-11d9-bb8e-a67e6693b6e9" xmlns:tiff="http://ns.adobe.com/tiff/1.0/">
<tiff:XResolution>72/1</tiff:XResolution>
<tiff:YResolution>72/1</tiff:YResolution>
<tiff:ResolutionUnit>2</tiff:ResolutionUnit>
<tiff:Orientation>1</tiff:Orientation>
</rdf:Description>
<rdf:Description rdf:about="uuid:f5b64178-9394-11d9-bb8e-a67e6693b6e9" xmlns:xap="http://ns.adobe.com/xap/1.0/">
<xap:ModifyDate>2005-03-13T02:00:54-06:00</xap:ModifyDate>
<xap:MetadataDate>2005-03-13T02:00:54-06:00</xap:MetadataDate>
<xap:CreatorTool>Adobe Photoshop CS Windows</xap:CreatorTool>
<xap:CreateDate>2005-03-13T02:00:54-06:00</xap:CreateDate>
</rdf:Description>
<rdf:Description rdf:about="uuid:f5b64178-9394-11d9-bb8e-a67e6693b6e9" xmlns:stRef="http://ns.adobe.com/xap/1.0/sType/ResourceRef#" xmlns:xapMM="http://ns.adobe.com/xap/1.0/mm/">
<xapMM:DerivedFrom rdf:parseType="Resource">
<stRef:instanceID>uuid:f5b64174-9394-11d9-bb8e-a67e6693b6e9</stRef:instanceID>
<stRef:documentID>adobe:docid:photoshop:995108a5-9393-11d9-bb8e-a67e6693b6e9</stRef:documentID>
</xapMM:DerivedFrom>
<xapMM:DocumentID>adobe:docid:photoshop:f5b64177-9394-11d9-bb8e-a67e6693b6e9</xapMM:DocumentID>
</rdf:Description>
<rdf:Description rdf:about="uuid:f5b64178-9394-11d9-bb8e-a67e6693b6e9" xmlns:xapRights="http://ns.adobe.com/xap/1.0/rights/">
<xapRights:Marked>True</xapRights:Marked>
<xapRights:WebStatement>http://www.Mugwum.com</xapRights:WebStatement>
<xapRights:RightsUsageTerms>
<rdf:Alt>
<rdf:li xml:lang="x-default">Image to be used One-time only, non-exclusive use in English Language Edition Magazine as inside image, to be used no larger than a full page in color. Additional third party rights to be negotiated with Julie Doe / Mugwum Press in advance. All other rights are reserved except those specifically granted.</rdf:li>
</rdf:Alt>
</xapRights:RightsUsageTerms>
<xapRights:UsageTerms>
<rdf:Alt>
<rdf:li xml:lang="x-default">Image to be used One-time only, non-exclusive use in English Language Edition Magazine as inside image, to be used no larger than a full page in color. Additional third party rights to be negotiated with Julie Doe / Mugwum Press in advance. All other rights are reserved except those specifically granted.</rdf:li>
</rdf:Alt>
</xapRights:UsageTerms>
</rdf:Description>
<rdf:Description rdf:about="uuid:f5b64178-9394-11d9-bb8e-a67e6693b6e9" xmlns:dc="http://purl.org/dc/elements/1.1/">
<dc:format>image/jpeg</dc:format>
<dc:description>
<rdf:Alt>
<rdf:li xml:lang="x-default">The Shore Temple of the Seven Pagodas was built under Narsimha II of the Pallava dynasty between 7th and 8th century AD and is dedicated to Lord Shiva. It resembles the structure of the Dharmaraja rath, but its tower rises much higher (approx. five stories or ~ 60 ft. high) and its stupa spire is small and slender.</rdf:li>
</rdf:Alt>
</dc:description>
<dc:title>
<rdf:Alt>
<rdf:li xml:lang="x-default">ar21319</rdf:li>
</rdf:Alt>
</dc:title>
<dc:rights>
<rdf:Alt>
<rdf:li xml:lang="x-default">©2005 Julie Doe / Mugwum Press, all rights reserved</rdf:li>
</rdf:Alt>
</dc:rights>
<dc:creator>
<rdf:Seq>
<rdf:li>Julie Doe</rdf:li>
</rdf:Seq>
</dc:creator>
<dc:subject>
<rdf:Bag>
<rdf:li>land</rdf:li>
<rdf:li>monument</rdf:li>
<rdf:li>nature</rdf:li>
<rdf:li>scenery</rdf:li>
<rdf:li>architectural</rdf:li>
<rdf:li>architecture</rdf:li>
<rdf:li>building</rdf:li>
<rdf:li>place of worship</rdf:li>
<rdf:li>religious building</rdf:li>
<rdf:li>structures</rdf:li>
<rdf:li>temple</rdf:li>
<rdf:li>sacred place</rdf:li>
<rdf:li>sanctum</rdf:li>
<rdf:li>Asia</rdf:li>
<rdf:li>India</rdf:li>
<rdf:li>Malibalipuram</rdf:li>
<rdf:li>Tamil Nadu</rdf:li>
<rdf:li>night</rdf:li>
<rdf:li>moonlight</rdf:li>
<rdf:li>moon</rdf:li>
<rdf:li>skies</rdf:li>
<rdf:li>sky</rdf:li>
<rdf:li>blue</rdf:li>
</rdf:Bag>
</dc:subject>
</rdf:Description>
</rdf:RDF>
</x:xmpmeta>
